{"0.0": [[[2.590413808822632, 0.03553494065999985, -0.03405515104532242], [-0.03066609427332878, 0.5911321640014648, -0.06325902044773102], [-0.01617569290101528, -0.9325419664382935, 1.1005477905273438]]], "1.0": [[[2.54750657081604, 0.042157210409641266, -0.059683945029973984], [-0.03807738050818443, 0.607460081577301, -0.06372937560081482], [0.013008462265133858, -0.8906590938568115, 1.0943679809570312]]], "2.0": [[[2.537414073944092, 0.019429676234722137, -0.038779325783252716], [-0.021718712523579597, 0.5979875326156616, -0.05858958512544632], [0.023062696680426598, -0.8941485285758972, 1.0877436399459839]]], "3.0": [[[2.6160707473754883, -0.004711223300546408, 0.004204161930829287], [-0.010385558940470219, 0.6173201203346252, -0.060264475643634796], [-0.021902505308389664, -0.8886480927467346, 1.0866994857788086]]], "4.0": [[[2.6624300479888916, -0.03306028991937637, 0.05719533562660217], [0.024950772523880005, 0.6516832709312439, -0.06709008663892746], [-0.05204905942082405, -0.8506711721420288, 1.0871822834014893]]], "5.0": [[[2.6921792030334473, -0.1049746721982956, 0.13635095953941345], [0.06860007345676422, 0.687130868434906, -0.0842919573187828], [-0.1002056747674942, -0.8685964941978455, 1.1059365272521973]]], "6.0": [[[2.642333507537842, -0.12276630848646164, 0.16637034714221954], [0.07671723514795303, 0.6598608493804932, -0.08448290079832077], [-0.12724338471889496, -0.9301777482032776, 1.1180088520050049]]], "7.0": [[[2.6395397186279297, -0.1787363439798355, 0.2375044971704483], [0.11926590651273727, 0.6836948990821838, -0.1027098223567009], [-0.10495895892381668, -0.9592428207397461, 1.149024486541748]]], "8.0": [[[2.6159749031066895, -0.22078858315944672, 0.26380839943885803], [0.15072298049926758, 0.710447371006012, -0.11939390003681183], [-0.14528419077396393, -0.9627076387405396, 1.166806697845459]]], "9.0": [[[2.5589237213134766, -0.21528412401676178, 0.25929227471351624], [0.1636769026517868, 0.7221797108650208, -0.13292671740055084], [-0.16769880056381226, -0.9837707877159119, 1.1857314109802246]]], "10.0": [[[2.485215902328491, -0.23493026196956635, 0.25881528854370117], [0.1513204276561737, 0.6855407357215881, -0.12121525406837463], [-0.17806512117385864, -0.9860566854476929, 1.1777420043945312]]], "11.0": [[[2.4787514209747314, -0.2218615859746933, 0.25502848625183105], [0.14463473856449127, 0.6837227940559387, -0.1176987811923027], [-0.17473314702510834, -0.9737034440040588, 1.1702996492385864]]], "12.0": [[[2.5326602458953857, -0.19228285551071167, 0.21661686897277832], [0.12118031084537506, 0.6767095327377319, -0.11191727966070175], [-0.11877088993787766, -0.9565889835357666, 1.1619867086410522]]], "13.0": [[[2.5365304946899414, -0.0725417211651802, 0.09067580103874207], [0.07641316950321198, 0.6686803102493286, -0.1055695042014122], [-0.030824879184365273, -0.9315202832221985, 1.1494202613830566]]], "14.0": [[[2.6329128742218018, -0.0032178580295294523, 0.014960154891014099], [0.008538748137652874, 0.6451882719993591, -0.09564347565174103], [0.003336396301165223, -0.9423691034317017, 1.139784812927246]]], "15.0": [[[2.5939433574676514, -0.048479631543159485, 0.08049911260604858], [0.05251113697886467, 0.6362263560295105, -0.08867518603801727], [-0.08762292563915253, -0.9570716023445129, 1.1331485509872437]]], "16.0": [[[2.667412757873535, -0.058303698897361755, 0.09876685589551926], [0.05767858400940895, 0.6885297894477844, -0.10284818708896637], [-0.12160974740982056, -0.9231271147727966, 1.1363986730575562]]], "17.0": [[[2.794325828552246, -0.060429852455854416, 0.08192262798547745], [0.03722856938838959, 0.7028319239616394, -0.10080369561910629], [-0.14659889042377472, -0.9169395565986633, 1.1289451122283936]]], "18.0": [[[2.7661750316619873, -0.05489477887749672, 0.07162287831306458], [0.032641954720020294, 0.692934513092041, -0.07303585112094879], [-0.041109614074230194, -0.8836860060691833, 1.093153476715088]]], "19.0": [[[2.7272188663482666, 0.002890000119805336, 0.0006914392579346895], [-0.016974881291389465, 0.6867161989212036, -0.05423104763031006], [-0.021727122366428375, -0.8940139412879944, 1.070586919784546]]], "20.0": [[[2.844028949737549, 0.04729292541742325, -0.06092989444732666], [-0.0339457131922245, 0.7232064604759216, -0.048102039843797684], [0.0574478879570961, -0.860214352607727, 1.0568681955337524]]], "21.0": [[[2.9478299617767334, 0.12141222506761551, -0.16105878353118896], [-0.08988917618989944, 0.7239647507667542, -0.03809724375605583], [0.03446057438850403, -0.894970178604126, 1.0510979890823364]]], "22.0": [[[2.947357654571533, 0.1753852367401123, -0.22316722571849823], [-0.12059227377176285, 0.7267604470252991, -0.0264683049172163], [0.18198058009147644, -0.8720746636390686, 1.0290457010269165]]], "23.0": [[[3.0692687034606934, 0.16462814807891846, -0.23039455711841583], [-0.12620455026626587, 0.7444032430648804, -0.02425163798034191], [0.19480088353157043, -0.8618907332420349, 1.0245424509048462]]], "24.0": [[[3.0653462409973145, 0.2167220562696457, -0.28411898016929626], [-0.14654827117919922, 0.7604344487190247, -0.026641331613063812], [0.15089191496372223, -0.872141420841217, 1.0320842266082764]]], "25.0": [[[3.012425661087036, 0.39250239729881287, -0.514920175075531], [-0.2526162564754486, 0.7704692482948303, 0.0013133261818438768], [0.2285941243171692, -0.8458895683288574, 1.0065600872039795]]], "26.0": [[[3.1700704097747803, 0.6388615369796753, -0.8439858555793762], [-0.4192301034927368, 0.8029589653015137, 0.05238388851284981], [0.36385273933410645, -0.8434849381446838, 0.9643194675445557]]], "27.0": [[[3.2294869422912598, 0.8087971806526184, -1.0316537618637085], [-0.524469792842865, 0.8563249111175537, 0.08796612173318863], [0.4066682457923889, -0.7940176129341125, 0.942268431186676]]], "28.0": [[[3.1879751682281494, 0.9273375868797302, -1.1566963195800781], [-0.5587286949157715, 0.8606181144714355, 0.10539016127586365], [0.5020120143890381, -0.7836101055145264, 0.9062929749488831]]], "29.0": [[[3.193828582763672, 0.8045831918716431, -1.0346671342849731], [-0.5106126666069031, 0.8415375351905823, 0.07704074680805206], [0.4809267520904541, -0.7775146961212158, 0.9260629415512085]]], "30.0": [[[2.8957252502441406, 0.7806644439697266, -0.966177761554718], [-0.47685572504997253, 0.7303877472877502, 0.08869139850139618], [0.47018131613731384, -0.8200836777687073, 0.9207411408424377]]], "31.0": [[[2.774937152862549, 0.7919505834579468, -0.981917142868042], [-0.4697316586971283, 0.6904528737068176, 0.10028642416000366], [0.522347629070282, -0.7858697175979614, 0.8899256587028503]]], "32.0": [[[2.6803040504455566, 0.8113664984703064, -0.986167311668396], [-0.4482467472553253, 0.650398313999176, 0.1356133669614792], [0.5409726500511169, -0.7369837164878845, 0.8345449566841125]]], "33.0": [[[2.730539560317993, 0.8668359518051147, -1.0401628017425537], [-0.46897652745246887, 0.6482755541801453, 0.156382218003273], [0.5484735369682312, -0.7282053232192993, 0.8162722587585449]]], "34.0": [[[2.823457956314087, 0.8532599806785583, -1.0432102680206299], [-0.48904797434806824, 0.7037848830223083, 0.15489926934242249], [0.4832962155342102, -0.7137807011604309, 0.8474760055541992]]], "35.0": [[[3.138251304626465, 0.7221511006355286, -0.920100748538971], [-0.4468856155872345, 0.771244466304779, 0.11680980771780014], [0.35670390725135803, -0.7529109120368958, 0.9089949727058411]]], "36.0": [[[3.1132009029388428, 0.4883435368537903, -0.6397388577461243], [-0.3336825668811798, 0.7587000727653503, 0.09955289214849472], [0.3946492373943329, -0.7503074407577515, 0.887874186038971]]], "37.0": [[[2.8828866481781006, 0.3309992849826813, -0.4161694645881653], [-0.21192923188209534, 0.6832782030105591, 0.07130176573991776], [0.1029595360159874, -0.7798764705657959, 0.9395915269851685]]], "38.0": [[[2.8801910877227783, 0.20818305015563965, -0.25195133686065674], [-0.15688151121139526, 0.6688834428787231, 0.056779082864522934], [0.155788853764534, -0.793327808380127, 0.9354446530342102]]],