{"all_points": [16, 16, 16, 16, 16, 12, 10, 16, 12, 16, 4, 4, 18, 16, 14, 16, 16, 16, 14, 18, 12, 18, 16, 16, 16, 14, 16, 0, 18, 12, 8, 16, 16, 16, 8], "list_correct_@5": [1, 0, 0, 0, 1, 1, 0, 1, 2, 2, 0, 0, 0, 1, 1, 0, 0, 1, 0, 1, 2, 0, 1, 1, 1, 0, 1, 0, 0, 1, 0, 3, 1, 1, 0], "acc_@5": 0.049586776859504134, "list_correct_@10": [3, 1, 0, 2, 2, 1, 0, 1, 4, 2, 0, 0, 0, 2, 2, 0, 1, 2, 0, 1, 5, 0, 1, 1, 1, 1, 2, 0, 0, 2, 0, 3, 1, 3, 1], "acc_@10": 0.09297520661157024, "list_correct_@20": [5, 1, 0, 4, 4, 2, 0, 3, 9, 6, 0, 0, 3, 4, 4, 4, 3, 6, 3, 2, 6, 2, 2, 6, 5, 6, 4, 0, 3, 3, 4, 4, 3, 3, 4], "acc_@20": 0.24380165289256198, "list_correct_@30": [9, 1, 0, 10, 12, 4, 1, 10, 12, 9, 1, 0, 6, 8, 4, 8, 5, 9, 3, 3, 9, 5, 9, 8, 11, 10, 8, 0, 4, 8, 5, 6, 9, 3, 5], "acc_@30": 0.44421487603305787}