{
  "all_points": [
    16,
    16,
    16,
    10,
    18,
    4,
    14,
    14,
    8,
    0,
    16,
    16,
    6,
    16,
    12,
    14,
    14,
    16,
    16,
    4,
    16,
    16
  ],
  "list_correct_@5": [
    5,
    2,
    3,
    0,
    4,
    0,
    4,
    2,
    0,
    0,
    0,
    3,
    0,
    1,
    2,
    3,
    6,
    3,
    5,
    0,
    2,
    4
  ],
  "acc_@5": 0.17625899280575538,
  "list_correct_@10": [
    7,
    10,
    7,
    4,
    12,
    1,
    10,
    4,
    0,
    0,
    1,
    6,
    0,
    1,
    7,
    9,
    8,
    11,
    7,
    0,
    9,
    8
  ],
  "acc_@10": 0.43884892086330934,
  "list_correct_@20": [
    12,
    16,
    16,
    5,
    16,
    2,
    12,
    11,
    0,
    0,
    4,
    12,
    1,
    1,
    11,
    12,
    12,
    15,
    11,
    0,
    16,
    14
  ],
  "acc_@20": 0.7158273381294964,
  "list_correct_@30": [
    15,
    16,
    16,
    7,
    17,
    3,
    14,
    11,
    0,
    0,
    4,
    15,
    2,
    1,
    11,
    14,
    14,
    15,
    16,
    3,
    16,
    16
  ],
  "acc_@30": 0.8129496402877698
}