{"all_points": [16, 16, 16, 10, 18, 4, 14, 14, 8, 0, 16, 16, 6, 16, 12, 14, 14, 16, 16, 4, 16, 16], "list_correct_@5": [2, 0, 0, 0, 0, 0, 0, 0, 0, 0, 0, 0, 0, 0, 0, 0, 0, 0, 0, 0, 0, 0], "acc_@5": 0.007194244604316547, "list_correct_@10": [2, 0, 0, 0, 0, 0, 0, 1, 0, 0, 0, 0, 0, 0, 1, 0, 0, 0, 1, 0, 0, 1], "acc_@10": 0.02158273381294964, "list_correct_@20": [2, 1, 1, 0, 1, 0, 0, 1, 1, 0, 0, 0, 0, 0, 1, 0, 0, 1, 3, 0, 1, 1], "acc_@20": 0.050359712230215826, "list_correct_@30": [2, 3, 2, 2, 3, 2, 1, 1, 1, 0, 0, 0, 0, 0, 5, 2, 0, 1, 4, 3, 4, 2], "acc_@30": 0.1366906474820144}