{"iou_players": 0.7979979283912589, "iou_balls": 0.8128114348750494, "n_players_detected": 297, "n_players_gt": 325, "n_balls_detected": 1, "n_balls_gt": 19, "% of balls detected": 0.05263157894736842, "% of players detected": 0.9138461538461539}