{"all_points": [16, 16, 16, 16, 16, 12, 10, 16, 12, 16, 4, 4, 18, 16, 14, 16, 16, 16, 14, 18, 12, 18, 16, 16, 16, 14, 16, 0, 18, 12, 8, 16, 16, 16, 8], "list_correct_@5": [6, 1, 0, 9, 9, 1, 0, 8, 6, 5, 0, 0, 6, 4, 8, 5, 6, 9, 3, 2, 5, 9, 5, 5, 7, 6, 2, 0, 8, 5, 1, 6, 9, 5, 0], "acc_@5": 0.33264462809917356, "list_correct_@10": [12, 2, 0, 13, 11, 1, 1, 12, 9, 11, 1, 0, 9, 9, 9, 11, 9, 16, 5, 5, 11, 12, 13, 6, 9, 10, 5, 0, 11, 5, 3, 11, 14, 11, 0], "acc_@10": 0.5516528925619835, "list_correct_@20": [15, 4, 0, 16, 16, 2, 1, 14, 11, 16, 1, 0, 17, 15, 14, 16, 14, 16, 7, 11, 12, 14, 16, 10, 14, 14, 13, 0, 17, 9, 5, 16, 16, 15, 1], "acc_@20": 0.78099173553719, "list_correct_@30": [16, 6, 0, 16, 16, 8, 3, 15, 12, 16, 1, 0, 17, 16, 14, 16, 15, 16, 7, 15, 12, 16, 16, 16, 15, 14, 15, 0, 17, 9, 5, 16, 16, 15, 1], "acc_@30": 0.8429752066115702}