{"0.0": [[[2.590413808822632, 0.03553494065999985, -0.03405515104532242], [-0.03066609427332878, 0.5911321640014648, -0.06325902044773102], [-0.01617569290101528, -0.9325419664382935, 1.1005477905273438]]], "20.0": [[[2.696439266204834, -0.03397718071937561, -0.023445066064596176], [0.002225105883553624, 0.6797612309455872, -0.042500946670770645], [0.2123078554868698, -0.9241089224815369, 1.0557365417480469]]], "40.0": [[[2.815660238265991, 0.011071138083934784, 0.015676749870181084], [0.02169078029692173, 0.6706796884536743, 0.033680401742458344], [0.10104771703481674, -0.7820237278938293, 0.9614066481590271]]]}