{
  "0.0": [
    [
      1280.0,
      191.5651292721006
    ],
    [
      0.0,
      201.16231129558338
    ],
    [
      0.0,
      624.300682519364
    ],
    [
      1280.0,
      620.7191152023217
    ],
    [
      1280.0,
      191.5651292721006
    ]
  ],
  "1.0": [
    [
      1280.0,
      182.19466791897642
    ],
    [
      0.0,
      193.25279224505468
    ],
    [
      0.0,
      633.2819154018292
    ],
    [
      1280.0,
      620.8490546795636
    ],
    [
      1280.0,
      182.19466791897642
    ]
  ],
  "2.0": [
    [
      1280.0,
      188.85085175999035
    ],
    [
      0.0,
      198.43965625893924
    ],
    [
      0.0,
      634.7311533939488
    ],
    [
      1280.0,
      628.0730712955444
    ],
    [
      1280.0,
      188.85085175999035
    ]
  ],
  "3.0": [
    [
      1280.0,
      185.41322438620756
    ],
    [
      0.0,
      191.35696732708854
    ],
    [
      0.0,
      636.918030379412
    ],
    [
      1280.0,
      637.6961658489
    ],
    [
      1280.0,
      185.41322438620756
    ]
  ],
  "4.0": [
    [
      1280.0,
      181.5238077514891
    ],
    [
      0.0,
      178.86811860411038
    ],
    [
      0.0,
      632.4548406598454
    ],
    [
      1280.0,
      644.8623001673125
    ],
    [
      1280.0,
      181.5238077514891
    ]
  ],
  "5.0": [
    [
      1280.0,
      171.73567503987104
    ],
    [
      0.0,
      166.5706512568652
    ],
    [
      0.0,
      620.005786463838
    ],
    [
      1280.0,
      649.3568703439705
    ],
    [
      1280.0,
      171.73567503987104
    ]
  ],
  "6.0": [
    [
      1280.0,
      178.09417371652344
    ],
    [
      0.0,
      170.5692393178221
    ],
    [
      0.0,
      606.9046249960626
    ],
    [
      1280.0,
      642.2774858867634
    ],
    [
      1280.0,
      178.09417371652344
    ]
  ],
  "7.0": [
    [
      1280.0,
      171.59396281914937
    ],
    [
      0.0,
      154.25874517973526
    ],
    [
      0.0,
      587.257192718983
    ],
    [
      1280.0,
      628.6121803192098
    ],
    [
      1280.0,
      171.59396281914937
    ]
  ],
  "8.0": [
    [
      1280.0,
      160.96168401912826
    ],
    [
      0.0,
      136.63489208169463
    ],
    [
      0.0,
      570.549486983671
    ],
    [
      1280.0,
      623.7261670762742
    ],
    [
      1280.0,
      160.96168401912826
    ]
  ],
  "9.0": [
    [
      1280.0,
      158.72872382237892
    ],
    [
      0.0,
      126.90901350485584
    ],
    [
      0.0,
      558.2484033902596
    ],
    [
      1280.0,
      617.3315341683059
    ],
    [
      1280.0,
      158.72872382237892
    ]
  ],
  "10.0": [
    [
      1280.0,
      168.79327361178966
    ],
    [
      0.0,
      147.3100192885213
    ],
    [
      0.0,
      558.1276021449925
    ],
    [
      1280.0,
      617.9376004999358
    ],
    [
      1280.0,
      168.79327361178966
    ]
  ],
  "11.0": [
    [
      1280.0,
      173.63848218632597
    ],
    [
      0.0,
      153.5778269858974
    ],
    [
      0.0,
      555.9937555888154
    ],
    [
      1280.0,
      617.5570863942069
    ],
    [
      1280.0,
      173.63848218632597
    ]
  ],
  "12.0": [
    [
      1280.0,
      185.34636074899552
    ],
    [
      0.0,
      161.33053987954975
    ],
    [
      0.0,
      573.2048304753707
    ],
    [
      1280.0,
      620.3944736901368
    ],
    [
      1280.0,
      185.34636074899552
    ]
  ],
  "13.0": [
    [
      1280.0,
      179.87338807649087
    ],
    [
      0.0,
      165.85643592455807
    ],
    [
      0.0,
      586.9596468412249
    ],
    [
      1280.0,
      617.2324040178349
    ],
    [
      1280.0,
      179.87338807649087
    ]
  ],
  "14.0": [
    [
      1280.0,
      183.57472820626577
    ],
    [
      0.0,
      188.11378912928728
    ],
    [
      0.0,
      600.7841463470497
    ],
    [
      1280.0,
      609.9878529478483
    ],
    [
      1280.0,
      183.57472820626577
    ]
  ],
  "15.0": [
    [
      1280.0,
      188.32793300535195
    ],
    [
      0.0,
      180.81438165038017
    ],
    [
      0.0,
      598.3206492307822
    ],
    [
      1280.0,
      628.6070073654174
    ],
    [
      1280.0,
      188.32793300535195
    ]
  ],
  "16.0": [
    [
      1280.0,
      165.0705372881374
    ],
    [
      0.0,
      164.98996609895624
    ],
    [
      0.0,
      600.241866432947
    ],
    [
      1280.0,
      632.9075937658852
    ],
    [
      1280.0,
      165.0705372881374
    ]
  ],
  "17.0": [
    [
      1280.0,
      166.6907823059248
    ],
    [
      0.0,
      165.07443948969612
    ],
    [
      0.0,
      611.2144971285769
    ],
    [
      1280.0,
      637.3499703701658
    ],
    [
      1280.0,
      166.6907823059248
    ]
  ],
  "18.0": [
    [
      1280.0,
      171.85988321439987
    ],
    [
      0.0,
      170.45985583883228
    ],
    [
      0.0,
      654.0632642127946
    ],
    [
      1280.0,
      670.3585887041972
    ],
    [
      1280.0,
      171.85988321439987
    ]
  ],
  "19.0": [
    [
      1280.0,
      173.88327874404425
    ],
    [
      0.0,
      180.8318158877634
    ],
    [
      0.0,
      690.3897096658085
    ],
    [
      1280.0,
      693.2949533608291
    ],
    [
      1280.0,
      173.88327874404425
    ]
  ],
  "20.0": [
    [
      1280.0,
      162.21726785652368
    ],
    [
      0.0,
      176.7222122178274
    ],
    [
      0.0,
      720.0
    ],
    [
      603.5526814052589,
      720.0
    ],
    [
      1280.0,
      716.4320517172886
    ],
    [
      1280.0,
      162.21726785652368
    ]
  ],
  "21.0": [
    [
      0.0,
      720.0
    ],
    [
      1280.0,
      720.0
    ],
    [
      1280.0,
      167.5432606812051
    ],
    [
      0.0,
      188.4142729993211
    ],
    [
      0.0,
      720.0
    ]
  ],
  "22.0": [
    [
      0.0,
      720.0
    ],
    [
      1280.0,
      720.0
    ],
    [
      1280.0,
      167.34703984183727
    ],
    [
      0.0,
      187.45673164269482
    ],
    [
      0.0,
      720.0
    ]
  ],
  "23.0": [
    [
      0.0,
      720.0
    ],
    [
      1280.0,
      720.0
    ],
    [
      1280.0,
      190.23362307415843
    ],
    [
      0.0,
      203.62129682110242
    ],
    [
      0.0,
      720.0
    ]
  ],
  "24.0": [
    [
      0.0,
      720.0
    ],
    [
      1280.0,
      720.0
    ],
    [
      1280.0,
      154.19808304644093
    ],
    [
      0.0,
      176.89519785003432
    ],
    [
      0.0,
      720.0
    ]
  ],
  "25.0": [
    [
      0.0,
      720.0
    ],
    [
      1280.0,
      720.0
    ],
    [
      1280.0,
      136.71624444872265
    ],
    [
      0.0,
      179.21670876370513
    ],
    [
      0.0,
      720.0
    ]
  ],
  "26.0": [
    [
      0.0,
      720.0
    ],
    [
      1280.0,
      720.0
    ],
    [
      1280.0,
      196.58016043547897
    ],
    [
      1008.2521857809446,
      114.85972461163743
    ],
    [
      0.0,
      168.26199950725893
    ],
    [
      0.0,
      720.0
    ]
  ],
  "27.0": [
    [
      0.0,
      720.0
    ],
    [
      1280.0,
      720.0
    ],
    [
      1280.0,
      242.0534212373148
    ],
    [
      800.8641744891672,
      86.5193131529119
    ],
    [
      0.0,
      135.51807332835918
    ],
    [
      0.0,
      720.0
    ]
  ],
  "28.0": [
    [
      0.0,
      720.0
    ],
    [
      1280.0,
      720.0
    ],
    [
      1280.0,
      283.74351329732406
    ],
    [
      635.758867785076,
      83.5493966690502
    ],
    [
      0.0,
      126.59465343639293
    ],
    [
      0.0,
      720.0
    ]
  ],
  "29.0": [
    [
      0.0,
      720.0
    ],
    [
      1280.0,
      720.0
    ],
    [
      1280.0,
      243.9862635950896
    ],
    [
      795.8619149776346,
      90.90150822559623
    ],
    [
      0.0,
      138.2055917157721
    ],
    [
      0.0,
      720.0
    ]
  ],